<?xml version="1.0" encoding="UTF-8"?>
<model package="modUtilities" baseClass="xPDOObject" platform="mysql" defaultEngine="MyISAM" version="1.1">
	<object class="Utilrest" table="utilrest" extends="xPDOSimpleObject">
		<field key="permission" dbtype="json" phptype="string" null="true" />
		<field key="url" dbtype="varchar" precision="50" phptype="string" null="true" index="unique" />
		<field key="snippet" dbtype="longtext" phptype="string" null="true" />
		<field key="param" dbtype="json" phptype="string" null="true" />
		<field key="allowMethod" dbtype="set" precision="'GET','POST','PUT','DELETE','PATH','CONNECT','HEAD','OPTIONS','TRACE'" phptype="string" null="true" />
		<field key="BASIC_auth" dbtype="tinyint" precision="1" phptype="integer" null="true" default="0" />
		<field key="category" dbtype="int" phptype="integer" null="true" default="1" index="index" />

		<index alias="url" name="url" primary="false" unique="true" type="BTREE" >
			<column key="url" length="" collation="A" null="true" />
		</index>
		<index alias="FK_modutil_utilrest_modutil_utilrestcategory" name="FK_modutil_utilrest_modutil_utilrestcategory" primary="false" unique="false" type="BTREE" >
			<column key="category" length="" collation="A" null="true" />
		</index>
	</object>
	<object class="Utilrestcategory" table="utilrestcategory" extends="xPDOSimpleObject">
		<field key="name" dbtype="varchar" precision="20" phptype="string" null="true" />
		<field key="permission" dbtype="json" phptype="string" null="true" />
		<field key="param" dbtype="json" phptype="string" null="true" />
		<field key="allowMethod" dbtype="set" precision="'GET','POST','PUT','DELETE','PATH','CONNECT','HEAD','OPTIONS','TRACE'" phptype="string" null="true" />
		<field key="BASIC_auth" dbtype="tinyint" precision="1" phptype="integer" null="true" />
	</object>
	<object class="Utilreststats" table="utilreststats" extends="xPDOObject">
		<field key="id" dbtype="int" phptype="integer" null="true" index="index" />
		<field key="stats" dbtype="json" phptype="string" null="true" />
		<field key="log" dbtype="json" phptype="string" null="true" />

		<index alias="FK__modutilitiesrest" name="FK__modutilitiesrest" primary="false" unique="false" type="BTREE" >
			<column key="id" length="" collation="A" null="true" />
		</index>
	</object>
</model>